entry_date,exit_date,entry_time,exit_time,entry_price,exit_price,lots,gross_pnl,net_pnl,pnl_pct,exit_reason,regime,signal,bars_held
2023-05-25,2023-05-26,2023-05-25 15:25:00,2023-05-26 09:20:00,18335.9,18336.6,4,181.9999999992433,141.81799999924405,0.0038176473475372875,REGIME_CHANGE,0,0.3303821080793806,3
2023-06-01,2023-06-01,2023-06-01 14:55:00,2023-06-01 15:05:00,18523.7,18493.7,3,-5850.0,-5895.85,-0.16195468507911487,STOP_LOSS,2,0.3287381755775516,2
2023-06-01,2023-06-02,2023-06-01 15:05:00,2023-06-02 09:25:00,18493.7,18551.85,3,11339.249999999574,11287.910749999575,0.3144314009635596,TRAILING_STOP,2,0.36658975890503215,7
2023-06-08,2023-06-09,2023-06-08 15:00:00,2023-06-09 09:45:00,18646.35,18654.75,3,1638.0000000002838,1596.3620000002834,0.04504903104361688,TIME_EXIT,2,0.3255997417659345,12
2023-06-15,2023-06-16,2023-06-15 15:00:00,2023-06-16 09:55:00,18696.05,18757.3,3,11943.75,11891.80625,0.32760930784844927,TRAILING_STOP,2,0.32756630867794717,14
2023-07-13,2023-07-14,2023-07-13 14:40:00,2023-07-14 09:20:00,19415.95,19464.0,3,9369.749999999858,9320.380249999858,0.247476945500989,TRAILING_STOP,2,0.34217774907903925,11
2023-07-21,2023-07-21,2023-07-21 09:15:00,2023-07-21 09:50:00,19826.15,19865.2,3,7614.749999999858,7567.135249999858,0.196962092993341,TRAILING_STOP,2,0.3262527406256024,7
2023-07-27,2023-07-27,2023-07-27 14:25:00,2023-07-27 14:35:00,19664.2,19620.8,3,-8463.000000000284,-8511.463000000284,-0.220705647827023,STOP_LOSS,2,0.3246674987015026,2
2023-07-27,2023-07-28,2023-07-27 14:35:00,2023-07-28 09:15:00,19620.8,19629.2,2,1092.0000000001892,1050.908000000189,0.04281171002202487,TIME_EXIT,2,0.3718005394569562,12
2023-08-03,2023-08-03,2023-08-03 15:00:00,2023-08-03 15:25:00,19359.25,19394.45,5,11440.000000000236,11388.560000000236,0.18182522566732043,TRAILING_STOP,1,0.32779905833930045,5
2023-08-03,2023-08-04,2023-08-03 15:25:00,2023-08-04 09:35:00,19394.45,19466.2,5,23318.75,23255.43125,0.3699511973786315,TRAILING_STOP,1,0.3639922222692148,5
2023-08-14,2023-08-14,2023-08-14 09:15:00,2023-08-14 09:20:00,19303.7,19269.9,3,-6590.999999999858,-6637.590999999858,-0.17509596605831665,STOP_LOSS,2,0.3261857371585458,1
2023-08-14,2023-08-14,2023-08-14 09:20:00,2023-08-14 09:50:00,19269.9,19299.7,2,3873.9999999999054,3830.1259999999056,0.15464532768721825,TRAILING_STOP,2,0.3348843359848075,6
2023-08-24,2023-08-25,2023-08-24 14:55:00,2023-08-25 09:15:00,19398.6,19272.2,3,-24647.999999999574,-24712.647999999575,-0.6515934139576971,STOP_LOSS,2,0.3203210905099272,8
2023-08-25,2023-08-25,2023-08-25 10:30:00,2023-08-25 11:55:00,19237.75,19308.15,2,9152.00000000019,9102.84800000019,0.365947161180499,TRAILING_STOP,2,0.32303665841185203,17
2023-08-31,2023-09-01,2023-08-31 15:00:00,2023-09-01 09:50:00,19248.3,19312.0,3,12421.500000000142,12369.078500000142,0.3309383166305634,TRAILING_STOP,2,0.3675397769853103,13
2023-09-14,2023-09-15,2023-09-14 15:20:00,2023-09-15 09:25:00,20103.8,20157.9,5,17582.50000000071,17524.91750000071,0.2691033535948536,TRAILING_STOP,1,0.3344747340622195,4
2023-09-28,2023-09-29,2023-09-28 14:55:00,2023-09-29 09:20:00,19521.7,19571.9,3,9789.000000000142,9739.211000000141,0.25714973593488644,TRAILING_STOP,2,0.34487168901911225,9
2023-10-05,2023-10-06,2023-10-05 15:20:00,2023-10-06 09:40:00,19559.65,19592.2,5,10578.749999999764,10528.171249999763,0.16641402070077568,TRAILING_STOP,1,0.32172885513535315,7
2023-10-19,2023-10-19,2023-10-19 09:15:00,2023-10-19 10:10:00,19538.7,19575.4,3,7156.500000000142,7109.343500000142,0.18783235322718875,TRAILING_STOP,2,0.33134544277212596,11
2023-10-19,2023-10-19,2023-10-19 10:35:00,2023-10-19 10:55:00,19558.75,19559.8,3,204.74999999985812,164.54524999985827,0.005368441234737764,REGIME_CHANGE,2,0.3232318160381539,4
2023-10-19,2023-10-20,2023-10-19 15:25:00,2023-10-20 09:15:00,19611.9,19562.35,3,-9662.250000000568,-9711.912250000569,-0.2526527261509742,STOP_LOSS,2,0.3291826584273319,1
2023-10-25,2023-10-25,2023-10-25 12:55:00,2023-10-25 13:20:00,19090.55,19113.55,3,4485.0,4440.515,0.12047845661858879,TRAILING_STOP,2,0.32001241122101975,5
2023-10-26,2023-10-26,2023-10-26 09:15:00,2023-10-26 09:20:00,19008.2,18975.0,3,-6474.000000000142,-6520.474000000142,-0.17466146189539636,STOP_LOSS,2,0.36787595237024107,1
2023-10-26,2023-10-26,2023-10-26 09:20:00,2023-10-26 09:40:00,18975.0,18932.05,3,-8375.250000000142,-8423.625250000143,-0.22635046113307364,STOP_LOSS,2,0.3627331395270801,4
2023-10-26,2023-10-26,2023-10-26 09:40:00,2023-10-26 10:20:00,18932.05,18892.7,2,-5115.499999999811,-5160.615499999811,-0.2078485953713335,STOP_LOSS,2,0.34718447640632133,8
2023-10-26,2023-10-26,2023-10-26 15:00:00,2023-10-26 15:05:00,18851.2,18858.35,2,929.4999999997162,888.5704999997165,0.03792861992869322,REGIME_CHANGE,2,0.3352677573019955,1
2023-11-30,2023-12-01,2023-11-30 15:25:00,2023-12-01 11:20:00,20127.2,20257.05,4,33760.99999999962,33687.23899999962,0.645146865932661,TRAILING_STOP,0,0.36914957811894644,27
2023-12-20,2023-12-20,2023-12-20 14:00:00,2023-12-20 14:40:00,21275.45,21222.15,3,-10393.499999999858,-10443.893499999858,-0.2505234906899702,STOP_LOSS,2,0.3255051518565405,8
2023-12-21,2023-12-21,2023-12-21 09:15:00,2023-12-21 09:30:00,21047.7,21006.0,2,-5421.000000000095,-5466.421000000095,-0.19812140994028196,STOP_LOSS,2,0.3713646373712872,3
2023-12-21,2023-12-21,2023-12-21 09:30:00,2023-12-21 09:45:00,21006.0,21052.3,2,6018.999999999905,5972.980999999905,0.22041321527182361,TRAILING_STOP,2,0.3352673838284697,3
2023-12-21,2023-12-21,2023-12-21 14:55:00,2023-12-21 15:10:00,21242.85,21257.5,4,3809.0000000003783,3765.191000000378,0.06896438095642278,REGIME_CHANGE,0,0.32195188633032257,3
2024-01-02,2024-01-02,2024-01-02 10:35:00,2024-01-02 11:05:00,21568.6,21598.85,3,5898.75,5852.85125,0.1402501785002272,TRAILING_STOP,2,0.3292056238268353,6
2024-01-04,2024-01-04,2024-01-04 15:20:00,2024-01-04 15:25:00,21666.85,21669.6,5,893.75,852.85625,0.01269220029676672,REGIME_CHANGE,1,0.3805302872798159,1
2024-01-17,2024-01-17,2024-01-17 09:25:00,2024-01-17 10:00:00,21771.95,21803.35,3,6122.999999999574,6076.876999999575,0.14422226764253002,TRAILING_STOP,2,0.321212756511996,7
2024-01-18,2024-01-18,2024-01-18 10:05:00,2024-01-18 10:10:00,21424.35,21391.35,3,-6435.0,-6481.435,-0.15403034397776363,STOP_LOSS,2,0.33294415370708913,1
2024-01-18,2024-01-18,2024-01-18 10:10:00,2024-01-18 11:00:00,21391.35,21454.05,2,8151.000000000095,8102.849000000095,0.29310913055978577,TRAILING_STOP,2,0.3544358585785261,10
2024-01-18,2024-01-18,2024-01-18 15:00:00,2024-01-18 15:05:00,21455.1,21456.85,3,341.25,300.90875,0.008156568834449618,REGIME_CHANGE,2,0.35071340820833996,1
2024-01-23,2024-01-23,2024-01-23 11:40:00,2024-01-23 12:00:00,21466.25,21411.85,3,-10608.000000000284,-10658.608000000284,-0.25342106795551833,STOP_LOSS,2,0.33755333574961677,4
2024-01-23,2024-01-23,2024-01-23 12:05:00,2024-01-23 13:05:00,21387.8,21349.2,2,-5017.999999999811,-5063.017999999811,-0.18047672037329013,STOP_LOSS,2,0.33694879633390407,12
2024-01-23,2024-01-24,2024-01-23 15:05:00,2024-01-24 09:15:00,21242.45,21146.3,2,-12499.50000000019,-12551.999500000189,-0.4526314055111414,STOP_LOSS,2,0.3654539481024644,6
2024-01-24,2024-01-24,2024-01-24 09:15:00,2024-01-24 10:00:00,21146.3,21320.45,2,22639.50000000019,22576.860500000188,0.8235483276034175,TRAILING_STOP,2,0.3493485695845603,9
2024-01-24,2024-01-24,2024-01-24 11:30:00,2024-01-24 12:30:00,21263.85,21226.65,3,-7253.9999999994325,-7301.2539999994315,-0.17494480068283538,STOP_LOSS,2,0.3379646137213065,12
2024-01-24,2024-01-24,2024-01-24 12:30:00,2024-01-24 13:05:00,21226.65,21310.1,2,10848.499999999622,10797.651499999622,0.3931378714964306,TRAILING_STOP,2,0.34686732157723865,7
2024-01-25,2024-01-29,2024-01-25 15:25:00,2024-01-29 09:35:00,21370.75,21531.25,5,52162.5,52070.3375,0.7510265198928442,TRAILING_STOP,1,0.371199510605116,6
2024-02-02,2024-02-02,2024-02-02 12:30:00,2024-02-02 12:45:00,21927.05,21884.95,3,-8209.499999999716,-8257.709499999715,-0.19200029187692164,STOP_LOSS,2,0.34396447117685874,3
2024-02-02,2024-02-02,2024-02-02 12:45:00,2024-02-02 13:10:00,21884.95,21846.3,2,-5024.500000000189,-5069.52450000019,-0.1766053840653118,STOP_LOSS,2,0.3523283242137525,5
2024-02-02,2024-02-02,2024-02-02 13:10:00,2024-02-02 14:15:00,21846.3,21879.1,2,4263.999999999905,4219.735999999905,0.15013984061373906,TRAILING_STOP,2,0.3374751181666429,13
2024-02-08,2024-02-08,2024-02-08 11:00:00,2024-02-08 11:05:00,21753.45,21716.45,3,-7215.0,-7262.215,-0.17008796305873322,STOP_LOSS,2,0.36593063510832846,1
2024-02-08,2024-02-08,2024-02-08 11:05:00,2024-02-08 12:20:00,21716.45,21783.35,2,8696.999999999716,8648.302999999716,0.3080614004590889,TRAILING_STOP,2,0.3452508195031184,15
2024-02-08,2024-02-08,2024-02-08 14:55:00,2024-02-08 15:10:00,21670.95,21714.75,3,8540.999999999858,8492.458999999859,0.20211388979255304,TRAILING_STOP,2,0.3665511616210255,3
2024-02-08,2024-02-09,2024-02-08 15:10:00,2024-02-09 09:40:00,21714.75,21744.15,3,5733.000000000284,5687.267000000284,0.13539184195075446,TRAILING_STOP,2,0.36547128538044554,10
2024-02-09,2024-02-09,2024-02-09 09:50:00,2024-02-09 10:15:00,21677.0,21736.0,3,11505.0,11453.495,0.2721778843935969,TRAILING_STOP,2,0.3336706300991661,5
2024-02-09,2024-02-09,2024-02-09 10:35:00,2024-02-09 11:00:00,21699.0,21641.4,3,-11231.999999999716,-11283.231999999716,-0.26545002073827617,STOP_LOSS,2,0.3208550400158691,5
2024-02-14,2024-02-14,2024-02-14 09:15:00,2024-02-14 09:30:00,21585.9,21541.05,2,-5830.500000000284,-5876.330500000284,-0.20777451947800268,STOP_LOSS,2,0.3361245398391654,3
2024-02-14,2024-02-14,2024-02-14 09:30:00,2024-02-14 09:40:00,21541.05,21576.6,2,4621.499999999905,4576.878499999905,0.16503373790970854,TRAILING_STOP,2,0.3259375633836173,2
2024-02-14,2024-02-14,2024-02-14 10:00:00,2024-02-14 10:20:00,21578.0,21610.6,3,6356.999999999716,6310.642999999716,0.1510798035035617,TRAILING_STOP,2,0.32794170344638035,4
2024-02-15,2024-02-15,2024-02-15 15:05:00,2024-02-15 15:15:00,21903.65,21916.05,5,4029.9999999992906,3985.9699999992913,0.0566115693046493,REGIME_CHANGE,1,0.3597721344707422,2
2024-02-21,2024-02-21,2024-02-21 14:40:00,2024-02-21 15:00:00,22032.4,22037.5,3,994.4999999997162,953.5054999997166,0.023147727891643873,REGIME_CHANGE,2,0.3219850262903708,4
2024-02-21,2024-02-22,2024-02-21 15:30:00,2024-02-22 09:30:00,22029.25,21970.35,3,-11485.500000000284,-11536.985500000284,-0.2673717897795043,STOP_LOSS,2,0.3293161272995647,4
2024-02-22,2024-02-22,2024-02-22 09:30:00,2024-02-22 09:50:00,21970.35,22010.65,2,5239.000000000378,5193.761000000378,0.18342903048883114,TRAILING_STOP,2,0.34488320820756185,4
2024-02-22,2024-02-22,2024-02-22 09:55:00,2024-02-22 10:20:00,21948.75,21902.8,3,-8960.250000000142,-9009.210250000142,-0.20935132980238386,STOP_LOSS,2,0.32089080029501516,5
2024-02-22,2024-02-22,2024-02-22 10:20:00,2024-02-22 11:20:00,21902.8,21920.6,2,2313.9999999999054,2271.6859999999056,0.08126814836458934,TIME_EXIT,2,0.33984509305893096,12
2024-02-22,2024-02-23,2024-02-22 15:25:00,2024-02-23 09:45:00,22216.9,22245.05,4,7318.9999999994325,7271.680999999433,0.1267053459303405,TRAILING_STOP,0,0.33996703832171077,8
2024-02-28,2024-02-28,2024-02-28 11:00:00,2024-02-28 12:00:00,22031.8,22023.65,3,-1589.2499999995744,-1630.839249999574,-0.03699198431357319,TIME_EXIT,2,0.3250738024092925,12
2024-02-29,2024-02-29,2024-02-29 10:10:00,2024-02-29 11:15:00,21873.5,21953.35,2,10380.49999999981,10330.119499999812,0.36505360367567397,TRAILING_STOP,2,0.3545042182255642,13
2024-02-29,2024-03-01,2024-02-29 14:55:00,2024-03-01 10:40:00,21937.65,22178.7,3,47004.749999999854,46917.745249999854,1.0987959056690177,TRAILING_STOP,2,0.32600638144242544,24
2024-03-13,2024-03-13,2024-03-13 14:15:00,2024-03-13 14:35:00,21970.75,21930.6,3,-7829.250000000284,-7877.079250000284,-0.18274296507857699,STOP_LOSS,2,0.32893782280006884,4
2024-03-19,2024-03-19,2024-03-19 09:20:00,2024-03-19 09:30:00,21939.45,21944.6,2,669.4999999997162,628.8304999997165,0.023473696924935755,REGIME_CHANGE,2,0.32039931397614296,2
2024-03-21,2024-03-21,2024-03-21 12:10:00,2024-03-21 13:20:00,21951.45,21998.8,3,9233.249999999716,9184.016749999717,0.21570329067099686,TRAILING_STOP,2,0.3203991407155457,14
2024-03-21,2024-03-21,2024-03-21 15:00:00,2024-03-21 15:05:00,21991.75,22016.3,3,4787.249999999858,4742.462749999859,0.11163277138017336,REGIME_CHANGE,2,0.3203195304431305,1
2024-03-28,2024-03-28,2024-03-28 15:00:00,2024-03-28 15:05:00,22355.2,22281.35,3,-14400.750000000426,-14455.150750000426,-0.33034819639279533,STOP_LOSS,2,0.4386142020305877,1
2024-03-28,2024-04-01,2024-03-28 15:05:00,2024-04-01 09:25:00,22281.35,22493.85,3,41437.5,41356.0625,0.9537124097058751,TRAILING_STOP,2,0.4008663328880841,8
2024-04-04,2024-04-04,2024-04-04 09:50:00,2024-04-04 10:50:00,22406.2,22317.5,3,-17296.500000000142,-17353.796500000142,-0.3958725709848199,STOP_LOSS,2,0.34283234599641205,12
2024-04-04,2024-04-04,2024-04-04 10:50:00,2024-04-04 11:20:00,22317.5,22403.55,3,16779.749999999858,16722.970249999857,0.3855718606474707,TRAILING_STOP,2,0.3499812995584617,6
2024-04-04,2024-04-05,2024-04-04 15:00:00,2024-04-05 09:15:00,22503.2,22464.2,3,-7605.0,-7652.605,-0.17330868498702406,STOP_LOSS,2,0.32020412797589787,7
2024-04-15,2024-04-15,2024-04-15 09:15:00,2024-04-15 09:35:00,22325.2,22268.75,3,-11007.750000000142,-11058.757750000143,-0.25285327791016754,STOP_LOSS,2,0.3461536543034381,4
2024-04-15,2024-04-15,2024-04-15 09:35:00,2024-04-15 11:00:00,22268.75,22406.1,2,17855.49999999981,17797.64449999981,0.6167836093179839,TRAILING_STOP,2,0.3334870633504638,17
2024-04-18,2024-04-18,2024-04-18 13:35:00,2024-04-18 13:40:00,22152.9,22094.4,3,-11407.5,-11458.9075,-0.26407377815094185,STOP_LOSS,2,0.3606114817751556,1
2024-04-18,2024-04-18,2024-04-18 13:40:00,2024-04-18 14:05:00,22094.4,22122.4,3,5460.0,5414.54,0.1267289448910131,TRAILING_STOP,2,0.3786474550115296,5
2024-04-18,2024-04-18,2024-04-18 14:05:00,2024-04-18 14:35:00,22122.4,22087.8,3,-6747.000000000426,-6793.747000000426,-0.15640256030088137,STOP_LOSS,2,0.347979939154086,6
2024-04-18,2024-04-18,2024-04-18 14:35:00,2024-04-18 14:50:00,22087.8,22040.4,3,-9242.999999999574,-9292.242999999575,-0.2145981039306668,STOP_LOSS,2,0.34136637391865016,3
2024-04-18,2024-04-18,2024-04-18 14:50:00,2024-04-18 15:00:00,22040.4,21989.2,2,-6656.000000000095,-6702.6560000000945,-0.23230068419811223,STOP_LOSS,2,0.37863963486315233,2
2024-04-18,2024-04-19,2024-04-18 15:00:00,2024-04-19 09:15:00,21989.2,21815.55,2,-22574.50000000019,-22637.074500000188,-0.7897058556018475,STOP_LOSS,2,0.38020417182241206,6
2024-04-19,2024-04-19,2024-04-19 09:15:00,2024-04-19 09:25:00,21815.55,21851.2,2,4634.500000000189,4589.865500000189,0.16341554533349587,TRAILING_STOP,2,0.37951551068128014,2
2024-04-19,2024-04-19,2024-04-19 09:25:00,2024-04-19 10:15:00,21851.2,21881.65,3,5937.750000000142,5891.812250000142,0.13935161455664094,TRAILING_STOP,2,0.3663401804186767,10
2024-04-19,2024-04-19,2024-04-19 10:15:00,2024-04-19 11:15:00,21881.65,21873.1,3,-1667.2500000005675,-1708.9172500005682,-0.03907383583963234,TIME_EXIT,2,0.35000631576127084,12
2024-04-25,2024-04-25,2024-04-25 10:50:00,2024-04-25 10:55:00,22348.5,22365.1,2,2157.999999999811,2115.841999999811,0.07427791574377943,REGIME_CHANGE,2,0.34235291132961265,1
2024-04-25,2024-04-26,2024-04-25 15:15:00,2024-04-26 09:30:00,22552.7,22582.85,4,7838.9999999994325,7791.160999999433,0.13368687562907242,TRAILING_STOP,0,0.3331454447201581,7
2024-05-02,2024-05-02,2024-05-02 09:15:00,2024-05-02 10:15:00,22649.05,22674.35,3,4933.499999999858,4888.566499999858,0.11170446442565704,TIME_EXIT,2,0.3226466909831606,12
2024-05-02,2024-05-03,2024-05-02 14:45:00,2024-05-03 09:30:00,22658.85,22775.9,3,22824.750000000568,22761.925250000568,0.5165752013010498,TRAILING_STOP,2,0.33340351182178474,12
2024-05-03,2024-05-03,2024-05-03 11:30:00,2024-05-03 11:50:00,22507.55,22473.55,3,-6630.0,-6676.63,-0.15106042194730213,STOP_LOSS,2,0.32085486709041566,4
2024-05-03,2024-05-03,2024-05-03 11:50:00,2024-05-03 12:45:00,22473.55,22511.8,2,4972.5,4927.5275,0.1702000796491876,TRAILING_STOP,2,0.32124015512773596,11
2024-05-03,2024-05-03,2024-05-03 12:50:00,2024-05-03 13:35:00,22435.0,22366.4,3,-13376.999999999716,-13430.376999999717,-0.30577223088922906,STOP_LOSS,2,0.33220268559983923,9
2024-05-03,2024-05-03,2024-05-03 13:40:00,2024-05-03 14:50:00,22375.65,22431.9,2,7312.5,7265.1875,0.2513893451139967,TRAILING_STOP,2,0.3243539927847889,14
2024-05-16,2024-05-16,2024-05-16 10:45:00,2024-05-16 11:45:00,22134.05,22164.3,3,5898.75,5852.85125,0.13666726152692346,TRAILING_STOP,2,0.3370043872709172,12
2024-05-16,2024-05-16,2024-05-16 13:15:00,2024-05-16 14:15:00,22093.4,22097.2,3,740.9999999998581,700.2589999998582,0.017199706699735088,TIME_EXIT,2,0.3405496668101027,12
2024-05-16,2024-05-16,2024-05-16 14:50:00,2024-05-16 15:25:00,22325.05,22392.35,4,17497.99999999981,17440.50199999981,0.3014550919258827,TRAILING_STOP,0,0.3623765904734741,7
2024-05-30,2024-05-31,2024-05-30 15:25:00,2024-05-31 09:45:00,22557.1,22621.25,6,25018.500000000568,24953.481500000566,0.28438939402672087,TRAILING_STOP,1,0.3697344139593484,7
2024-05-31,2024-05-31,2024-05-31 10:50:00,2024-05-31 11:50:00,22525.95,22523.3,3,-516.7500000002838,-557.266750000284,-0.011764209722570881,TIME_EXIT,2,0.32917031839845984,12
2024-05-31,2024-05-31,2024-05-31 12:05:00,2024-05-31 12:35:00,22511.05,22519.0,3,1550.2500000001419,1508.6997500001416,0.035315989258611784,REGIME_CHANGE,2,0.34173877636983463,6
2024-05-31,2024-05-31,2024-05-31 14:25:00,2024-05-31 14:30:00,22523.35,22479.2,3,-8609.249999999574,-8657.859249999574,-0.19601879826934193,STOP_LOSS,2,0.3712235103622427,1
2024-05-31,2024-06-03,2024-05-31 14:30:00,2024-06-03 09:20:00,22479.2,23114.9,3,123961.50000000013,123797.53850000013,2.8279476137940884,TRAILING_STOP,2,0.42987982484542775,13
2024-06-03,2024-06-03,2024-06-03 10:55:00,2024-06-03 11:00:00,23144.4,23150.95,3,1277.2499999998581,1235.9727499998583,0.02830058243030397,REGIME_CHANGE,2,0.3840502338514132,1
2024-06-03,2024-06-03,2024-06-03 13:35:00,2024-06-03 13:50:00,23202.85,23228.15,3,4933.5000000005675,4888.5665000005665,0.10903832934317514,REGIME_CHANGE,2,0.3647283877284822,3
2024-06-03,2024-06-03,2024-06-03 15:00:00,2024-06-03 15:05:00,23229.25,23246.3,3,3324.749999999858,3281.4252499998584,0.07339883982478673,REGIME_CHANGE,2,0.34576662624649546,1
2024-06-04,2024-06-04,2024-06-04 09:25:00,2024-06-04 09:40:00,22479.75,22584.15,4,27144.00000000038,27076.856000000378,0.46441797617856717,TRAILING_STOP,2,0.4143570588428434,3
2024-06-04,2024-06-04,2024-06-04 09:40:00,2024-06-04 10:00:00,22584.15,22756.55,4,44823.99999999943,44739.17599999943,0.7633672287865507,TRAILING_STOP,2,0.3926227189718503,4
2024-06-04,2024-06-04,2024-06-04 10:00:00,2024-06-04 10:20:00,22756.55,22800.3,4,11375.0,11323.625,0.19225234053492293,TRAILING_STOP,2,0.3570893900135273,4
2024-06-04,2024-06-04,2024-06-04 10:20:00,2024-06-04 10:25:00,22800.3,22735.2,4,-16925.99999999962,-16982.92599999962,-0.28552255891369216,STOP_LOSS,2,0.3580707526228361,1
2024-06-04,2024-06-04,2024-06-04 10:25:00,2024-06-04 10:30:00,22735.2,22665.7,3,-13552.5,-13606.0525,-0.30569337415109604,STOP_LOSS,2,0.3559492500312533,1
2024-06-04,2024-06-04,2024-06-04 10:30:00,2024-06-04 10:40:00,22665.7,22553.95,3,-21791.25,-21853.04125,-0.493035732406235,STOP_LOSS,2,0.3801037343564072,2
2024-06-04,2024-06-04,2024-06-04 10:40:00,2024-06-04 10:50:00,22553.95,22444.7,2,-14202.5,-14256.7025,-0.4843940861800261,STOP_LOSS,2,0.3707161014162014,2
2024-06-04,2024-06-04,2024-06-04 10:50:00,2024-06-04 10:55:00,22444.7,22335.7,2,-14170.0,-14224.17,-0.4856380348144551,STOP_LOSS,2,0.3868124483505003,1
2024-06-04,2024-06-04,2024-06-04 10:55:00,2024-06-04 11:00:00,22335.7,22263.95,2,-9327.5,-9376.8275,-0.3212346154362747,STOP_LOSS,2,0.3756143712775401,1
2024-06-04,2024-06-04,2024-06-04 11:00:00,2024-06-04 11:05:00,22263.95,22189.3,2,-9704.50000000019,-9754.204500000189,-0.3352953990644133,STOP_LOSS,2,0.3811230693586314,1
2024-06-04,2024-06-04,2024-06-04 11:05:00,2024-06-04 11:10:00,22189.3,22095.1,2,-12246.000000000095,-12298.246000000094,-0.4245289396240563,STOP_LOSS,2,0.40385260491414376,1
2024-06-04,2024-06-04,2024-06-04 11:10:00,2024-06-04 11:35:00,22095.1,22229.2,2,17433.000000000284,17375.567000000283,0.6069218967101402,TRAILING_STOP,2,0.37820717969025397,5
2024-06-04,2024-06-04,2024-06-04 11:35:00,2024-06-04 11:40:00,22229.2,22127.65,3,-19802.249999999858,-19862.05224999986,-0.45683155489176064,STOP_LOSS,2,0.3470321414913359,1
2024-06-04,2024-06-04,2024-06-04 11:40:00,2024-06-04 11:55:00,22127.65,21888.3,3,-46673.25000000042,-46759.92325000042,-1.081678352649297,STOP_LOSS,2,0.35206909878501863,3
2024-06-04,2024-06-04,2024-06-04 11:55:00,2024-06-04 12:00:00,21888.3,21845.35,3,-8375.250000000142,-8423.625250000143,-0.1962235532225012,STOP_LOSS,2,0.416225342437497,1
2024-06-04,2024-06-04,2024-06-04 12:00:00,2024-06-04 12:05:00,21845.35,21665.75,2,-23347.99999999981,-23411.34799999981,-0.822142927442218,STOP_LOSS,2,0.43914109283251684,1
2024-06-04,2024-06-04,2024-06-04 12:05:00,2024-06-04 12:10:00,21665.75,21591.9,2,-9600.49999999981,-9650.100499999811,-0.34086057487046856,STOP_LOSS,2,0.4832797984204522,1
2024-06-04,2024-06-04,2024-06-04 12:10:00,2024-06-04 12:20:00,21591.9,21372.15,2,-28567.5,-28636.0675,-1.017742764647854,STOP_LOSS,2,0.49605614661472897,2
2024-06-04,2024-06-04,2024-06-04 12:20:00,2024-06-04 12:25:00,21372.15,21294.1,2,-10146.500000000378,-10196.64650000038,-0.36519489148262063,STOP_LOSS,2,0.5002941415175569,1
2024-06-04,2024-06-04,2024-06-04 12:25:00,2024-06-04 12:35:00,21294.1,21473.3,2,23296.000000000095,23232.704000000096,0.8415476587411571,TRAILING_STOP,2,0.5045883854659183,2
2024-06-04,2024-06-04,2024-06-04 12:35:00,2024-06-04 12:55:00,21473.3,21887.8,4,107770.0,107622.23,1.930304145147695,TRAILING_STOP,2,0.47483266402469587,4
2024-06-04,2024-06-04,2024-06-04 12:55:00,2024-06-04 13:00:00,21887.8,21851.95,4,-9320.999999999622,-9370.320999999622,-0.16378987381097482,STOP_LOSS,2,0.5343227612722597,1
2024-06-04,2024-06-04,2024-06-04 13:00:00,2024-06-04 13:25:00,21851.95,22005.25,4,39857.99999999981,39778.14199999981,0.7015392219001017,TRAILING_STOP,2,0.5259788154924715,5
2024-06-04,2024-06-04,2024-06-04 13:25:00,2024-06-04 13:35:00,22005.25,22035.2,4,7787.000000000189,7739.213000000189,0.13610388430034073,TRAILING_STOP,2,0.4155124398165796,2
2024-06-04,2024-06-04,2024-06-04 13:35:00,2024-06-04 13:55:00,22035.2,22239.7,5,66462.5,66356.0375,0.9280605576532094,TRAILING_STOP,0,0.32972767029917044,4
2024-06-04,2024-06-04,2024-06-04 14:05:00,2024-06-04 14:20:00,22032.85,21966.1,5,-21693.75,-21755.44375,-0.3029567214409393,STOP_LOSS,0,0.32738881780799267,3
2024-06-04,2024-06-04,2024-06-04 14:20:00,2024-06-04 14:25:00,21966.1,21909.75,5,-18313.749999999527,-18372.06374999953,-0.25653165559657176,STOP_LOSS,0,0.3431714739528197,1
2024-06-04,2024-06-04,2024-06-04 14:25:00,2024-06-04 14:35:00,21909.75,21992.55,4,21527.99999999981,21466.471999999812,0.37791394242289056,TRAILING_STOP,0,0.34325382773685187,2
2024-06-04,2024-06-04,2024-06-04 14:45:00,2024-06-04 14:55:00,21923.0,21800.85,5,-39698.75000000047,-39778.448750000476,-0.5571773936048965,STOP_LOSS,0,0.33887669231344697,2
2024-06-04,2024-06-04,2024-06-04 14:55:00,2024-06-04 15:00:00,21800.85,21758.25,4,-11075.999999999622,-11127.07599999962,-0.19540522502562307,STOP_LOSS,2,0.5301693008488584,1
2024-06-04,2024-06-04,2024-06-04 15:00:00,2024-06-04 15:15:00,21758.25,21917.85,3,31121.999999999716,31050.877999999717,0.7335148736686017,TRAILING_STOP,2,0.545414586070701,3
2024-06-04,2024-06-05,2024-06-04 15:15:00,2024-06-05 09:15:00,21917.85,21970.8,4,13767.00000000019,13713.23300000019,0.24158391448066635,TRAILING_STOP,2,0.520123279076211,3
2024-06-05,2024-06-05,2024-06-05 09:15:00,2024-06-05 09:20:00,21970.8,21800.55,4,-44265.0,-44349.265,-0.7748921295537714,STOP_LOSS,2,0.5171427952419648,1
2024-06-05,2024-06-05,2024-06-05 09:20:00,2024-06-05 09:35:00,21800.55,21921.65,4,31486.000000000568,31414.514000000567,0.5554905724855665,TRAILING_STOP,2,0.5634652473217655,3
2024-06-05,2024-06-05,2024-06-05 09:35:00,2024-06-05 09:50:00,21921.65,21849.85,4,-18668.000000000757,-18726.66800000076,-0.32753009011640505,STOP_LOSS,2,0.5187537584624455,3
2024-06-05,2024-06-05,2024-06-05 09:50:00,2024-06-05 10:15:00,21849.85,22013.3,4,42497.00000000019,42414.503000000186,0.748060055332191,TRAILING_STOP,2,0.5596324154194082,5
2024-06-05,2024-06-05,2024-06-05 10:15:00,2024-06-05 10:25:00,22013.3,21961.65,6,-20143.49999999915,-20203.643499999147,-0.23463088223936354,STOP_LOSS,0,0.4732016596106621,2
2024-06-05,2024-06-05,2024-06-05 10:25:00,2024-06-05 11:15:00,21961.65,22332.35,6,144572.99999999886,144388.42699999886,1.6879423904852187,TRAILING_STOP,0,0.49732067926519313,10
2024-06-05,2024-06-05,2024-06-05 11:15:00,2024-06-05 11:30:00,22332.35,22398.05,6,25623.000000000284,25557.377000000284,0.29419205771000695,TRAILING_STOP,0,0.3795212154636945,3
2024-06-05,2024-06-05,2024-06-05 11:30:00,2024-06-05 11:35:00,22398.05,22349.95,6,-18758.999999999432,-18817.75899999943,-0.2147508376845241,STOP_LOSS,0,0.3645732045818677,1
2024-06-05,2024-06-05,2024-06-05 11:35:00,2024-06-05 11:45:00,22349.95,22237.85,6,-43719.00000000085,-43802.71900000085,-0.5015671175998254,STOP_LOSS,0,0.4337413938511323,2
2024-06-05,2024-06-05,2024-06-05 11:45:00,2024-06-05 12:05:00,22237.85,22285.25,6,18486.000000000568,18427.514000000567,0.21315010219064098,TRAILING_STOP,0,0.5331311644720738,4
2024-06-05,2024-06-05,2024-06-05 12:05:00,2024-06-05 12:20:00,22285.25,22332.15,7,21339.500000000662,21278.16050000066,0.2104531023883576,TRAILING_STOP,0,0.4654725050413491,3
2024-06-05,2024-06-05,2024-06-05 12:20:00,2024-06-05 12:45:00,22332.15,22249.0,8,-43238.00000000076,-43321.238000000754,-0.37233316093614566,STOP_LOSS,1,0.4156417971110396,5
2024-06-05,2024-06-05,2024-06-05 12:55:00,2024-06-05 13:10:00,22359.05,22377.65,7,8463.000000000993,8414.537000000992,0.08318779196791537,REGIME_CHANGE,1,0.511805355686294,3
2024-06-05,2024-06-05,2024-06-05 13:15:00,2024-06-05 14:10:00,22399.4,22475.15,8,39390.0,39310.61,0.3381787012152111,TRAILING_STOP,1,0.43078428909738586,11
2024-06-05,2024-06-05,2024-06-05 14:10:00,2024-06-05 14:50:00,22475.15,22606.8,8,68457.99999999886,68349.54199999887,0.5857580483333718,TRAILING_STOP,1,0.4410210483686137,8
2024-06-05,2024-06-05,2024-06-05 14:50:00,2024-06-05 15:10:00,22606.8,22635.85,8,15105.999999999622,15050.893999999622,0.12850115894332356,TRAILING_STOP,1,0.4015733729261215,4
2024-06-05,2024-06-05,2024-06-05 15:10:00,2024-06-05 15:20:00,22635.85,22580.3,8,-28885.99999999962,-28954.88599999962,-0.24540717490175662,STOP_LOSS,1,0.43069119312542065,2
2024-06-05,2024-06-06,2024-06-05 15:20:00,2024-06-06 09:20:00,22580.3,22704.9,8,64792.000000001135,64687.208000001134,0.5518084347860843,TRAILING_STOP,1,0.5252624841813391,4
2024-06-06,2024-06-06,2024-06-06 09:20:00,2024-06-06 09:35:00,22704.9,22747.25,7,19269.249999999338,19209.98074999934,0.18652361384546304,TRAILING_STOP,1,0.3325219535908506,3
2024-06-06,2024-06-06,2024-06-06 09:35:00,2024-06-06 09:45:00,22747.25,22696.35,7,-23159.500000000662,-23222.659500000664,-0.2237633120487156,STOP_LOSS,1,0.3206271174154891,2
2024-06-06,2024-06-06,2024-06-06 09:50:00,2024-06-06 10:50:00,22735.15,22857.3,6,47638.49999999915,47550.86149999915,0.5372737809075278,TRAILING_STOP,1,0.3201527780566591,12
2024-06-06,2024-06-06,2024-06-06 13:40:00,2024-06-06 13:45:00,22841.85,22765.2,7,-34875.74999999901,-34950.62574999901,-0.3355682661430568,STOP_LOSS,1,0.32432506789748394,1
2024-06-06,2024-06-07,2024-06-06 15:00:00,2024-06-07 09:50:00,22817.85,22916.55,7,44908.500000000335,44823.59150000034,0.4325560909551107,TRAILING_STOP,1,0.32463071842987934,13
2024-06-07,2024-06-07,2024-06-07 10:00:00,2024-06-07 11:20:00,22959.7,23058.75,8,51505.99999999962,51414.49399999962,0.43140807588949015,TRAILING_STOP,1,0.33706518947580877,16
2024-06-07,2024-06-07,2024-06-07 11:20:00,2024-06-07 11:55:00,23058.75,23182.95,8,64584.00000000038,64479.416000000376,0.5386241665311464,TRAILING_STOP,1,0.35657324870599333,7
2024-06-07,2024-06-07,2024-06-07 12:15:00,2024-06-07 12:50:00,23168.65,23200.55,8,16587.999999998865,16531.411999998865,0.137686054215493,TRAILING_STOP,1,0.3343488845736413,7
2024-06-07,2024-06-07,2024-06-07 13:20:00,2024-06-07 13:30:00,23175.3,23188.9,8,7072.000000001135,7024.928000001134,0.05868316699245397,REGIME_CHANGE,1,0.329351831978327,2
2024-06-10,2024-06-10,2024-06-10 09:55:00,2024-06-10 10:35:00,23266.15,23321.3,8,28677.999999998865,28609.321999998865,0.23703964772855765,TRAILING_STOP,1,0.3563767073666901,8
2024-06-20,2024-06-20,2024-06-20 09:20:00,2024-06-20 09:55:00,23466.3,23498.05,5,10318.75,10268.43125,0.13530040952344427,TRAILING_STOP,2,0.34634659508628013,7
2024-06-20,2024-06-20,2024-06-20 09:55:00,2024-06-20 10:25:00,23498.05,23524.4,4,6851.0000000005675,6804.149000000567,0.11213696455664272,REGIME_CHANGE,2,0.3226614254981159,6
2024-06-24,2024-06-24,2024-06-24 09:15:00,2024-06-24 09:55:00,23395.9,23421.75,5,8401.249999999527,8352.848749999528,0.11048944473176302,REGIME_CHANGE,2,0.3418880449472306,8
2024-06-27,2024-06-28,2024-06-27 15:20:00,2024-06-28 09:30:00,24072.2,24120.85,7,22135.749999999007,22073.61424999901,0.2021003481193984,TRAILING_STOP,0,0.34562262967801094,5
2024-07-22,2024-07-22,2024-07-22 09:15:00,2024-07-22 10:50:00,24395.55,24572.25,5,57427.50000000023,57330.072500000235,0.7243124258317633,TRAILING_STOP,2,0.36039512662847306,19
2024-07-23,2024-07-23,2024-07-23 12:15:00,2024-07-23 12:20:00,24283.2,24208.15,5,-24391.249999999764,-24455.641249999764,-0.3090614087105458,STOP_LOSS,2,0.371211019077121,1
2024-07-23,2024-07-23,2024-07-23 12:20:00,2024-07-23 12:25:00,24208.15,24142.15,4,-17160.0,-17217.16,-0.2726354554148086,STOP_LOSS,2,0.37546966955862865,1
2024-07-23,2024-07-23,2024-07-23 12:25:00,2024-07-23 12:45:00,24142.15,24284.55,4,37023.99999999943,36946.975999999435,0.5898397615788065,TRAILING_STOP,2,0.3896313390694508,4
2024-07-23,2024-07-23,2024-07-23 12:45:00,2024-07-23 12:55:00,24284.55,24353.5,5,22408.750000000236,22346.341250000238,0.2839253764224609,TRAILING_STOP,2,0.347340431333546,2
2024-07-23,2024-07-23,2024-07-23 12:55:00,2024-07-23 13:10:00,24353.5,24279.65,5,-24001.249999999527,-24065.25124999953,-0.30324183382264785,STOP_LOSS,2,0.37152564131410665,3
2024-07-23,2024-07-23,2024-07-23 13:10:00,2024-07-23 13:30:00,24279.65,24319.3,4,10308.999999999432,10258.690999999433,0.16330548422237476,TRAILING_STOP,2,0.35308951475477124,4
2024-07-23,2024-07-23,2024-07-23 13:30:00,2024-07-23 14:10:00,24319.3,24459.9,5,45695.00000000071,45609.30500000071,0.5781416405899931,TRAILING_STOP,2,0.35986633933295215,8
2024-07-24,2024-07-24,2024-07-24 09:35:00,2024-07-24 10:00:00,24402.8,24436.35,5,10903.749999999764,10852.846249999764,0.13748422312193384,TRAILING_STOP,2,0.3323542816761785,5
2024-07-24,2024-07-24,2024-07-24 10:00:00,2024-07-24 10:55:00,24436.35,24455.5,5,6223.750000000473,6177.526250000473,0.07836685920770269,REGIME_CHANGE,2,0.32041444779017525,11
2024-07-24,2024-07-24,2024-07-24 12:00:00,2024-07-24 12:15:00,24402.65,24326.25,5,-24830.000000000473,-24894.830000000475,-0.3130807514757678,STOP_LOSS,2,0.32206130026611846,3
2024-07-24,2024-07-24,2024-07-24 12:15:00,2024-07-24 12:45:00,24326.25,24341.6,4,3990.9999999996217,3947.008999999622,0.06310056009454208,REGIME_CHANGE,2,0.3481829030238006,6
2024-07-25,2024-07-26,2024-07-25 15:10:00,2024-07-26 11:25:00,24397.5,24639.55,8,125865.99999999962,125700.13399999963,0.9921098473204193,TRAILING_STOP,1,0.3343436402564041,30
2024-08-02,2024-08-02,2024-08-02 09:20:00,2024-08-02 09:40:00,24833.55,24761.5,5,-23416.249999999764,-23479.666249999762,-0.2901316968375414,STOP_LOSS,2,0.3267581482845603,4
2024-08-02,2024-08-02,2024-08-02 09:40:00,2024-08-02 11:00:00,24761.5,24792.15,4,7969.000000000378,7921.031000000378,0.12378086949498801,TRAILING_STOP,2,0.33441417925478184,16
2024-08-05,2024-08-05,2024-08-05 09:15:00,2024-08-05 09:20:00,24301.3,24229.5,5,-23334.999999999764,-23398.334999999763,-0.29545744466345125,STOP_LOSS,2,0.3670862395676734,1
2024-08-05,2024-08-05,2024-08-05 09:20:00,2024-08-05 10:00:00,24229.5,24305.4,5,24667.500000000473,24602.832500000473,0.31325450380734826,TRAILING_STOP,2,0.37518098058381,8
2024-08-05,2024-08-05,2024-08-05 10:00:00,2024-08-05 10:30:00,24305.4,24257.35,5,-15616.250000000946,-15671.866250000947,-0.1976926938046809,STOP_LOSS,2,0.3404654814916687,6
2024-08-05,2024-08-05,2024-08-05 10:30:00,2024-08-05 10:40:00,24257.35,24205.8,4,-13402.99999999981,-13456.402999999811,-0.21251290845867035,STOP_LOSS,2,0.3391844582566118,2
2024-08-05,2024-08-05,2024-08-05 10:40:00,2024-08-05 10:45:00,24205.8,24145.85,4,-15587.00000000019,-15642.587000000189,-0.24766791430153404,STOP_LOSS,2,0.3668741318063381,1
2024-08-05,2024-08-05,2024-08-05 10:45:00,2024-08-05 10:55:00,24145.85,24096.65,4,-12791.999999999243,-12844.791999999243,-0.2037617230289971,STOP_LOSS,2,0.3980493169020627,2
2024-08-05,2024-08-05,2024-08-05 10:55:00,2024-08-05 11:05:00,24096.65,24056.8,3,-7770.750000000426,-7818.520750000426,-0.16537568500186614,STOP_LOSS,2,0.3904140162128021,2
2024-08-05,2024-08-05,2024-08-05 11:05:00,2024-08-05 11:15:00,24056.8,23994.9,3,-12070.499999999574,-12122.570499999574,-0.25730770509792583,STOP_LOSS,2,0.40399756512354024,2
2024-08-05,2024-08-05,2024-08-05 11:15:00,2024-08-05 11:20:00,23994.9,23914.25,3,-15726.750000000284,-15782.476750000284,-0.33611309069844614,STOP_LOSS,2,0.39465264888772433,1
2024-08-05,2024-08-05,2024-08-05 11:20:00,2024-08-05 11:30:00,23914.25,23948.2,3,6620.250000000142,6573.629750000142,0.14196556446470504,TRAILING_STOP,2,0.40501684219049217,2
2024-08-05,2024-08-05,2024-08-05 11:30:00,2024-08-05 11:50:00,23948.2,24001.35,5,17273.74999999929,17216.47624999929,0.22193734810966093,TRAILING_STOP,2,0.4207061571829814,4
2024-08-05,2024-08-05,2024-08-05 11:50:00,2024-08-05 12:35:00,24001.35,23942.65,5,-19077.499999999054,-19136.577499999054,-0.24456957629465464,STOP_LOSS,2,0.3585916193126918,9
2024-08-05,2024-08-05,2024-08-05 12:35:00,2024-08-05 13:00:00,23942.65,23943.25,5,194.99999999952706,154.80499999952752,0.002505988267792182,REGIME_CHANGE,2,0.4152044564208943,5
2024-08-05,2024-08-05,2024-08-05 13:00:00,2024-08-05 13:15:00,23943.25,24009.0,7,29916.25,29846.33375,0.27460766604366577,TRAILING_STOP,0,0.3271789182505978,3
2024-08-05,2024-08-05,2024-08-05 14:20:00,2024-08-05 15:10:00,24047.4,24048.85,7,659.7499999986758,619.0902499986771,0.006029757894812286,REGIME_CHANGE,0,0.32332229176172533,10
2024-08-05,2024-08-06,2024-08-05 15:10:00,2024-08-06 09:25:00,24048.85,24318.85,5,87750.0,87622.25,1.1227148075687612,TRAILING_STOP,2,0.356307326782224,6
2024-08-06,2024-08-06,2024-08-06 10:40:00,2024-08-06 11:00:00,24155.9,24234.45,7,35740.249999999665,35664.50974999966,0.325179355768153,TRAILING_STOP,0,0.3311448188638878,4
2024-08-06,2024-08-06,2024-08-06 11:00:00,2024-08-06 11:15:00,24234.45,24238.45,5,1300.0,1258.7,0.016505429254635447,REGIME_CHANGE,2,0.3372950478053871,3
2024-08-08,2024-08-08,2024-08-08 15:05:00,2024-08-08 15:15:00,24128.75,24090.45,10,-24894.999999999527,-24959.894999999527,-0.15873180334662704,STOP_LOSS,1,0.3932569733353299,2
2024-08-29,2024-08-29,2024-08-29 14:00:00,2024-08-29 15:05:00,25011.45,25154.75,4,37257.99999999981,37180.74199999981,0.5729375945816787,TRAILING_STOP,2,0.347841223806486,13
2024-08-29,2024-08-30,2024-08-29 15:05:00,2024-08-30 09:30:00,25154.75,25207.1,8,27221.999999999243,27154.777999999245,0.20811178803207564,TRAILING_STOP,0,0.39337896894538027,8
2024-09-20,2024-09-20,2024-09-20 13:30:00,2024-09-20 13:35:00,25629.3,25572.6,5,-18427.500000000236,-18485.927500000238,-0.22123116901359277,STOP_LOSS,2,0.3531364009181434,1
2024-09-20,2024-09-20,2024-09-20 13:35:00,2024-09-20 13:55:00,25572.6,25665.75,5,30273.750000000473,30203.476250000473,0.36425705638066314,TRAILING_STOP,2,0.3577160516777021,4
2024-09-20,2024-09-20,2024-09-20 13:55:00,2024-09-20 14:20:00,25665.75,25609.3,5,-18346.250000000236,-18404.596250000235,-0.21994292003935487,STOP_LOSS,2,0.3833309455571219,5
2024-09-20,2024-09-20,2024-09-20 14:20:00,2024-09-20 14:40:00,25609.3,25644.85,4,9242.99999999981,9193.75699999981,0.1388167579746392,TRAILING_STOP,2,0.34594863637677165,4
2024-09-20,2024-09-20,2024-09-20 14:40:00,2024-09-20 14:55:00,25644.85,25702.5,5,18736.250000000473,18677.51375000047,0.22480147086062682,TRAILING_STOP,2,0.35931052277477205,3
2024-09-20,2024-09-23,2024-09-20 14:55:00,2024-09-23 10:10:00,25702.5,25897.05,5,63228.74999999977,63125.521249999765,0.7569302597023607,TRAILING_STOP,2,0.354039282010967,19
2024-09-26,2024-09-26,2024-09-26 13:50:00,2024-09-26 14:10:00,26078.7,26087.2,5,2762.5,2719.7375,0.03259364922331251,REGIME_CHANGE,2,0.3240134652353474,4
2024-10-04,2024-10-04,2024-10-04 13:00:00,2024-10-04 13:35:00,25096.0,25055.75,5,-13081.25,-13134.33125,-0.160384124960153,STOP_LOSS,2,0.34017896173121437,7
2024-10-04,2024-10-04,2024-10-04 13:35:00,2024-10-04 14:15:00,25055.75,25015.3,5,-13146.250000000236,-13199.396250000236,-0.16143998882492333,STOP_LOSS,2,0.32160188845528526,8
2024-10-04,2024-10-04,2024-10-04 14:15:00,2024-10-04 15:15:00,25015.3,25022.4,4,1846.0000000005675,1804.154000000567,0.028382629830552432,TIME_EXIT,2,0.3237380259697009,12
2024-10-08,2024-10-08,2024-10-08 09:15:00,2024-10-08 09:30:00,24777.65,24804.8,5,8823.74999999929,8774.926249999291,0.10957455610196211,REGIME_CHANGE,2,0.3350856253157664,3
2024-10-18,2024-10-18,2024-10-18 09:15:00,2024-10-18 09:55:00,24608.45,24646.4,5,12333.750000000236,12281.416250000237,0.15421532034728203,TRAILING_STOP,2,0.3261485866155846,8
2024-10-18,2024-10-18,2024-10-18 09:55:00,2024-10-18 10:35:00,24646.4,24720.6,5,24114.999999999054,24050.884999999056,0.30105816670993363,TRAILING_STOP,2,0.342578793661051,8
2024-10-21,2024-10-21,2024-10-21 09:35:00,2024-10-21 09:45:00,24786.65,24714.5,5,-23448.750000000473,-23512.198750000473,-0.291084111810194,STOP_LOSS,2,0.32232241425008445,2
2024-10-22,2024-10-22,2024-10-22 12:45:00,2024-10-22 13:45:00,24607.5,24612.75,5,1706.25,1664.54375,0.021334958854007924,TIME_EXIT,2,0.32736611971066554,12
2024-10-23,2024-10-23,2024-10-23 09:40:00,2024-10-23 10:10:00,24407.75,24516.3,5,35278.74999999977,35203.47124999977,0.4447357908860885,TRAILING_STOP,2,0.33404464799105227,6
2024-10-28,2024-10-29,2024-10-28 15:00:00,2024-10-29 09:25:00,24307.65,24262.5,5,-14673.750000000473,-14728.423750000473,-0.18574399417467938,STOP_LOSS,2,0.3223697039200744,9
2024-10-29,2024-10-29,2024-10-29 09:25:00,2024-10-29 09:35:00,24262.5,24220.2,5,-13747.499999999764,-13801.247499999763,-0.17434312210200625,STOP_LOSS,2,0.32234234768937725,2
2024-10-29,2024-10-29,2024-10-29 09:35:00,2024-10-29 10:05:00,24220.2,24173.9,4,-12037.99999999981,-12090.037999999811,-0.1911627484496382,STOP_LOSS,2,0.33257417207030626,6
2024-11-04,2024-11-04,2024-11-04 09:15:00,2024-11-04 09:25:00,24115.25,24076.65,4,-10035.999999999622,-10086.035999999622,-0.16006468935631413,STOP_LOSS,2,0.3446160135415564,2
2024-11-04,2024-11-04,2024-11-04 09:25:00,2024-11-04 09:45:00,24076.65,24025.9,3,-9896.25,-9946.14625,-0.21078513829789441,STOP_LOSS,2,0.3592319506246596,4
2024-11-04,2024-11-04,2024-11-04 09:45:00,2024-11-04 10:10:00,24025.9,23972.3,3,-10452.000000000426,-10502.452000000427,-0.22309257925822623,STOP_LOSS,2,0.36837562642636434,5
2024-11-04,2024-11-04,2024-11-04 10:10:00,2024-11-04 10:25:00,23972.3,23934.35,3,-7400.250000000142,-7447.6502500001425,-0.15830771348598477,STOP_LOSS,2,0.3603280427713873,3
2024-11-04,2024-11-04,2024-11-04 10:25:00,2024-11-04 10:55:00,23934.35,23884.6,3,-9701.25,-9750.95125,-0.20786025106175854,STOP_LOSS,2,0.3516298285431011,6
2024-11-04,2024-11-04,2024-11-04 10:55:00,2024-11-04 11:10:00,23884.6,23847.25,3,-7283.249999999716,-7330.533249999716,-0.15637691232006626,STOP_LOSS,2,0.3656590902803889,3
2024-11-04,2024-11-04,2024-11-04 11:10:00,2024-11-04 12:05:00,23847.25,23927.25,3,15600.0,15544.4,0.3354684502405938,TRAILING_STOP,2,0.37333484692802865,11
2024-11-13,2024-11-13,2024-11-13 09:25:00,2024-11-13 09:40:00,23800.4,23755.6,5,-14560.000000000946,-14614.560000000947,-0.18823213055243992,STOP_LOSS,2,0.32268158531786867,3
2024-11-13,2024-11-13,2024-11-13 09:40:00,2024-11-13 09:50:00,23755.6,23772.0,5,5330.000000000473,5284.670000000472,0.06903635353348876,REGIME_CHANGE,2,0.3289045527103174,2
2024-11-22,2024-11-22,2024-11-22 12:10:00,2024-11-22 12:50:00,23635.1,23669.9,10,22620.00000000189,22557.38000000189,0.14723864083504157,TRAILING_STOP,1,0.3230696239644111,8
2024-11-22,2024-11-22,2024-11-22 14:35:00,2024-11-22 15:00:00,23845.5,23914.65,8,35958.00000000076,35882.04200000076,0.28999182235642557,TRAILING_STOP,0,0.32774950695975347,5
2024-11-25,2024-11-25,2024-11-25 12:50:00,2024-11-25 12:55:00,24209.8,24158.0,5,-16834.999999999764,-16891.834999999763,-0.21396294062734625,STOP_LOSS,2,0.3353744009645922,1
2024-11-25,2024-11-25,2024-11-25 12:55:00,2024-11-25 13:35:00,24158.0,24192.85,5,11326.249999999527,11274.923749999527,0.14425863068134176,TRAILING_STOP,2,0.3408325233718032,8
2024-11-25,2024-11-25,2024-11-25 13:45:00,2024-11-25 14:55:00,24175.8,24229.65,5,17501.25000000071,17443.74875000071,0.22274340456159542,TRAILING_STOP,2,0.32332411849884884,14
2024-11-28,2024-11-29,2024-11-28 14:40:00,2024-11-29 09:35:00,23923.45,24026.0,6,39994.499999999716,39914.505499999716,0.4286589099816258,TRAILING_STOP,2,0.33832285072054213,15
2024-12-05,2024-12-05,2024-12-05 09:50:00,2024-12-05 10:50:00,24406.55,24410.4,5,1251.2500000007094,1209.9987500007087,0.01577445398879474,TIME_EXIT,2,0.3235950941201436,12
2024-12-05,2024-12-05,2024-12-05 10:55:00,2024-12-05 12:20:00,24333.55,24605.55,6,106080.0,105933.92,1.1177982661798216,TRAILING_STOP,2,0.3610373312022197,17
2024-12-05,2024-12-05,2024-12-05 14:50:00,2024-12-05 14:55:00,24624.8,24522.3,6,-39975.0,-40054.975,-0.41624703550891784,STOP_LOSS,2,0.384534900457416,1
2024-12-05,2024-12-05,2024-12-05 14:55:00,2024-12-05 15:15:00,24522.3,24733.8,6,82485.0,82362.515,0.8624802730575843,TRAILING_STOP,2,0.41022979602437254,4
2024-12-06,2024-12-06,2024-12-06 09:40:00,2024-12-06 09:55:00,24725.7,24687.25,6,-14995.500000000284,-15050.495500000285,-0.15550621418200788,STOP_LOSS,2,0.32286718876302684,3
2024-12-06,2024-12-06,2024-12-06 09:55:00,2024-12-06 10:05:00,24687.25,24643.3,5,-14283.750000000236,-14338.033750000237,-0.17802711926197015,STOP_LOSS,2,0.3220712184944563,2
2024-12-06,2024-12-06,2024-12-06 10:05:00,2024-12-06 10:30:00,24643.3,24708.65,5,21238.75000000071,21177.51125000071,0.26518364017806945,TRAILING_STOP,2,0.38384502672556975,5
2024-12-06,2024-12-06,2024-12-06 11:25:00,2024-12-06 11:55:00,24678.4,24706.3,6,10880.999999999149,10830.11899999915,0.11305433091285422,REGIME_CHANGE,2,0.34346005081426795,6
2024-12-13,2024-12-13,2024-12-13 10:20:00,2024-12-13 10:30:00,24257.6,24210.25,6,-18466.499999999432,-18524.96649999943,-0.19519655695533997,STOP_LOSS,2,0.34335554954152514,2
2024-12-13,2024-12-13,2024-12-13 10:30:00,2024-12-13 11:20:00,24210.25,24301.35,5,29607.499999999527,29537.89249999953,0.37628690327443354,TRAILING_STOP,2,0.3560329000310344,10
2024-12-13,2024-12-13,2024-12-13 11:20:00,2024-12-13 12:05:00,24301.35,24530.7,6,89446.50000000084,89317.05350000084,0.9437747285644714,TRAILING_STOP,2,0.3266683748032845,9
2024-12-16,2024-12-16,2024-12-16 11:10:00,2024-12-16 12:10:00,24627.5,24606.45,6,-8209.499999999716,-8257.709499999715,-0.08547355598416109,TIME_EXIT,2,0.32110819882296576,12
2024-12-19,2024-12-19,2024-12-19 09:15:00,2024-12-19 09:45:00,23919.55,23957.9,6,14956.500000000851,14901.543500000851,0.1603291031812981,TRAILING_STOP,2,0.36842843528728575,6
2024-12-19,2024-12-19,2024-12-19 09:45:00,2024-12-19 10:45:00,23957.9,23942.9,6,-5850.0,-5895.85,-0.0626098280734121,TIME_EXIT,2,0.33988667765176933,12
2024-12-19,2024-12-20,2024-12-19 15:30:00,2024-12-20 09:15:00,23961.95,23923.3,10,-25122.500000000946,-25187.622500000947,-0.16129739023744502,STOP_LOSS,1,0.32732902617574444,1
2024-12-20,2024-12-23,2024-12-20 15:10:00,2024-12-23 09:25:00,23539.3,23743.7,5,66430.00000000047,66323.57000000046,0.8683350821817194,TRAILING_STOP,2,0.35826180446334777,6
2024-12-31,2024-12-31,2024-12-31 09:20:00,2024-12-31 10:05:00,23545.6,23473.55,6,-28099.499999999716,-28167.599499999716,-0.3060019706441937,STOP_LOSS,2,0.3238991802461817,9
2024-12-31,2024-12-31,2024-12-31 10:05:00,2024-12-31 10:25:00,23473.55,23507.55,6,13260.0,13206.74,0.1448438774705999,TRAILING_STOP,2,0.3350683412126278,4
2025-01-06,2025-01-06,2025-01-06 09:40:00,2025-01-06 10:40:00,23948.35,23882.95,6,-25505.99999999915,-25571.505999999146,-0.27308770750384814,STOP_LOSS,2,0.33850202885961567,12
2025-01-06,2025-01-06,2025-01-06 10:40:00,2025-01-06 10:50:00,23882.95,23834.85,6,-18759.00000000085,-18817.759000000853,-0.20139890591406082,STOP_LOSS,2,0.3361691377091431,2
2025-01-06,2025-01-06,2025-01-06 10:50:00,2025-01-06 11:05:00,23834.85,23793.0,5,-13601.249999999527,-13654.851249999527,-0.17558323211599214,STOP_LOSS,2,0.3502708026637144,3
2025-01-06,2025-01-06,2025-01-06 11:05:00,2025-01-06 11:10:00,23793.0,23745.1,4,-12454.000000000378,-12506.454000000378,-0.20131971588282876,STOP_LOSS,2,0.3382600808114796,1
2025-01-06,2025-01-06,2025-01-06 11:10:00,2025-01-06 11:40:00,23745.1,23708.85,4,-9425.0,-9474.425,-0.15266307575036536,STOP_LOSS,2,0.3464211587463133,6
2025-01-06,2025-01-06,2025-01-06 11:40:00,2025-01-06 11:45:00,23708.85,23640.9,4,-17666.999999999243,-17724.66699999924,-0.28660183855394544,STOP_LOSS,2,0.3455373144324491,1
2025-01-06,2025-01-06,2025-01-06 11:45:00,2025-01-06 12:15:00,23640.9,23691.05,4,13038.999999999432,12985.960999999434,0.21213236382708703,TRAILING_STOP,2,0.3701211085782379,6
2025-01-06,2025-01-06,2025-01-06 12:15:00,2025-01-06 12:50:00,23691.05,23737.5,6,18115.500000000284,18057.384500000284,0.19606560283314048,TRAILING_STOP,2,0.34873548404457355,7
2025-01-06,2025-01-06,2025-01-06 13:15:00,2025-01-06 13:30:00,23682.55,23643.55,6,-15210.0,-15265.21,-0.16467821243911657,STOP_LOSS,2,0.3282743809300036,3
2025-01-06,2025-01-06,2025-01-06 13:45:00,2025-01-06 14:30:00,23633.75,23593.85,6,-15561.000000000568,-15616.561000000567,-0.1688263606071887,STOP_LOSS,2,0.33505088053011933,9
2025-01-06,2025-01-06,2025-01-06 14:30:00,2025-01-06 15:00:00,23593.85,23626.65,5,10660.000000000946,10609.340000000944,0.1390192783288989,TRAILING_STOP,2,0.3660745736044354,6
2025-01-06,2025-01-06,2025-01-06 15:00:00,2025-01-06 15:10:00,23626.65,23585.6,6,-16009.500000001135,-16065.509500001137,-0.1737444792215693,STOP_LOSS,2,0.33069357479405226,2
2025-01-06,2025-01-07,2025-01-06 15:10:00,2025-01-07 09:45:00,23585.6,23675.65,6,35119.500000001135,35044.380500001134,0.38180075978564426,TRAILING_STOP,2,0.35317951727153646,10
2025-01-13,2025-01-13,2025-01-13 09:15:00,2025-01-13 09:45:00,23241.7,23206.0,7,-16243.500000000331,-16299.743500000332,-0.15360322179531072,STOP_LOSS,2,0.37996894250784435,6
2025-01-13,2025-01-13,2025-01-13 09:45:00,2025-01-13 10:35:00,23206.0,23310.65,6,40813.50000000057,40732.686500000564,0.4509609583728409,TRAILING_STOP,2,0.35633086938610914,10
2025-01-13,2025-01-13,2025-01-13 10:40:00,2025-01-13 11:05:00,23306.3,23271.3,6,-13650.0,-13703.65,-0.15017398729099,STOP_LOSS,2,0.32870069771580646,5
2025-01-17,2025-01-17,2025-01-17 09:15:00,2025-01-17 09:50:00,23181.75,23215.95,6,13338.000000000284,13284.662000000284,0.14752984567601984,TRAILING_STOP,2,0.3361010450206477,7
2025-01-17,2025-01-17,2025-01-17 10:45:00,2025-01-17 10:55:00,23147.2,23107.65,7,-17995.24999999967,-18053.24524999967,-0.1708629985484174,STOP_LOSS,2,0.3382218670332417,2
2025-01-17,2025-01-17,2025-01-17 10:55:00,2025-01-17 11:35:00,23107.65,23156.1,6,18895.499999998865,18836.604499998866,0.20967082329876505,TRAILING_STOP,2,0.3421596275784897,8
2025-01-17,2025-01-17,2025-01-17 11:45:00,2025-01-17 12:20:00,23138.3,23240.65,6,39916.50000000085,39836.58350000085,0.442340189210107,TRAILING_STOP,2,0.33099791834507286,7
2025-01-21,2025-01-21,2025-01-21 12:15:00,2025-01-21 12:50:00,23161.35,23168.65,7,3321.500000001324,3278.178500001323,0.031518024640199774,REGIME_CHANGE,2,0.34745824663450864,7
2025-01-21,2025-01-21,2025-01-21 13:25:00,2025-01-21 13:35:00,23273.55,23236.3,7,-16948.75,-17005.69875,-0.1600529356286428,STOP_LOSS,2,0.3314670199612063,2
2025-01-21,2025-01-21,2025-01-21 13:35:00,2025-01-21 14:00:00,23236.3,23239.2,6,1131.0000000005675,1089.869000000567,0.012480472364367199,REGIME_CHANGE,2,0.33342016007935377,5
2025-01-21,2025-01-21,2025-01-21 14:30:00,2025-01-21 14:35:00,23101.7,23054.05,7,-21680.750000000662,-21742.43075000066,-0.20626187683158145,STOP_LOSS,2,0.3481481474599405,1
2025-01-21,2025-01-21,2025-01-21 14:35:00,2025-01-21 14:40:00,23054.05,23012.25,6,-16301.999999999716,-16358.301999999716,-0.18131304477954752,STOP_LOSS,2,0.3670581923241404,1
2025-01-21,2025-01-22,2025-01-21 14:40:00,2025-01-22 09:20:00,23012.25,23080.75,5,22262.5,22200.2375,0.2976675466327717,TRAILING_STOP,2,0.3643310155915626,11
2025-01-22,2025-01-22,2025-01-22 09:20:00,2025-01-22 09:55:00,23080.75,23103.25,6,8775.0,8726.225,0.09748383393087313,REGIME_CHANGE,2,0.32194817241137924,7
2025-01-24,2025-01-24,2025-01-24 14:35:00,2025-01-24 14:45:00,23105.1,23058.5,7,-21202.999999999338,-21264.202999999336,-0.2016870734166853,STOP_LOSS,2,0.3304395694067806,2
2025-01-24,2025-01-24,2025-01-24 14:45:00,2025-01-24 15:20:00,23058.5,23090.45,6,12460.500000000284,12408.039500000283,0.13856061755968832,TRAILING_STOP,2,0.3460962737613289,7
2025-01-27,2025-01-27,2025-01-27 09:15:00,2025-01-27 09:50:00,22926.75,22969.8,7,19587.74999999967,19528.16224999967,0.1877719258071871,TRAILING_STOP,2,0.363699097616338,7
2025-01-27,2025-01-27,2025-01-27 09:50:00,2025-01-27 10:15:00,22969.8,22900.5,7,-31531.49999999967,-31603.03149999967,-0.3017004936917138,STOP_LOSS,2,0.34044732977611597,5
2025-01-27,2025-01-27,2025-01-27 10:15:00,2025-01-27 10:25:00,22900.5,22854.3,6,-18018.000000000284,-18076.018000000284,-0.2017423200366836,STOP_LOSS,2,0.3566363367861093,2
2025-01-27,2025-01-27,2025-01-27 10:25:00,2025-01-27 11:35:00,22854.3,22867.6,5,4322.4999999997635,4278.177499999763,0.0581947379705319,TIME_EXIT,2,0.3761533575305757,14
2025-01-30,2025-01-31,2025-01-30 15:05:00,2025-01-31 09:50:00,23252.75,23350.6,13,82683.24999999878,82560.56674999878,0.4208104417756977,TRAILING_STOP,1,0.4216117792728161,12
2025-02-01,2025-02-01,2025-02-01 11:45:00,2025-02-01 11:50:00,23539.7,23396.6,7,-65110.50000000099,-65215.61050000099,-0.6079091917059358,STOP_LOSS,2,0.341600095660508,1
2025-02-01,2025-02-01,2025-02-01 11:50:00,2025-02-01 12:05:00,23396.6,23429.65,6,12889.500000001135,12836.610500001134,0.14125984117351628,TRAILING_STOP,2,0.35743210349887944,3
2025-02-01,2025-02-01,2025-02-01 12:05:00,2025-02-01 13:05:00,23429.65,23359.8,7,-31781.750000000993,-31853.531750000995,-0.2981265191754985,STOP_LOSS,2,0.37199118119000546,12
2025-02-01,2025-02-01,2025-02-01 13:05:00,2025-02-01 14:30:00,23359.8,23478.0,6,46098.000000000284,46011.902000000286,0.5059974828551645,TRAILING_STOP,2,0.3542264320182928,17
2025-02-03,2025-02-03,2025-02-03 09:15:00,2025-02-03 09:30:00,23263.0,23317.35,7,24729.249999999338,24664.520749999338,0.23363280746248782,TRAILING_STOP,2,0.35604866122340245,3
2025-02-03,2025-02-03,2025-02-03 09:30:00,2025-02-03 09:40:00,23317.35,23257.1,7,-27413.75,-27481.16375,-0.25839128374365017,STOP_LOSS,2,0.34376791300835985,2
2025-02-03,2025-02-03,2025-02-03 09:40:00,2025-02-03 10:50:00,23257.1,23300.4,6,16887.000000001135,16830.113000001133,0.18617970426236682,TRAILING_STOP,2,0.34876086826281333,14
2025-02-07,2025-02-07,2025-02-07 14:05:00,2025-02-07 15:25:00,23475.0,23563.15,6,34378.50000000057,34304.12150000057,0.37550585729500086,TRAILING_STOP,2,0.3249361101161068,16
2025-02-10,2025-02-10,2025-02-10 10:10:00,2025-02-10 11:15:00,23373.1,23391.05,7,8167.250000000331,8119.082750000331,0.07679768622904419,TIME_EXIT,2,0.3410508472781836,13
2025-02-12,2025-02-12,2025-02-12 09:35:00,2025-02-12 09:45:00,22924.95,22858.6,7,-30189.250000000993,-30259.439250000993,-0.2894226595914154,STOP_LOSS,2,0.3224697813122103,2
2025-02-12,2025-02-12,2025-02-12 09:45:00,2025-02-12 10:00:00,22858.6,22819.6,6,-15210.0,-15265.21,-0.1706141233496365,STOP_LOSS,2,0.33798397990474577,3
2025-02-12,2025-02-12,2025-02-12 10:00:00,2025-02-12 10:40:00,22819.6,22866.65,5,15291.250000000946,15235.958750000946,0.20618240459956755,TRAILING_STOP,2,0.3411735607118602,8
2025-02-12,2025-02-13,2025-02-12 14:05:00,2025-02-13 09:20:00,22965.15,23013.65,7,22067.5,22005.4325,0.21118956331659056,TRAILING_STOP,2,0.34016314309581913,18
2025-02-17,2025-02-17,2025-02-17 09:45:00,2025-02-17 09:50:00,22793.35,22750.15,7,-19655.999999998676,-19715.655999998675,-0.18952896349153192,STOP_LOSS,2,0.34556662844799246,1
2025-02-17,2025-02-17,2025-02-17 09:50:00,2025-02-17 10:45:00,22750.15,22903.75,6,59903.99999999943,59804.09599999943,0.6751603835579042,TRAILING_STOP,2,0.3595249359593344,11
2025-02-24,2025-02-24,2025-02-24 09:15:00,2025-02-24 09:35:00,22645.8,22586.0,7,-27208.99999999967,-27276.208999999668,-0.2640666260410287,STOP_LOSS,2,0.330063141086097,4
2025-02-24,2025-02-24,2025-02-24 09:35:00,2025-02-24 10:35:00,22586.0,22558.9,6,-10568.999999999432,-10619.568999999432,-0.11998583193127842,TIME_EXIT,2,0.33596400961382883,12
2025-03-03,2025-03-03,2025-03-03 09:50:00,2025-03-03 10:05:00,22053.65,22018.8,5,-11326.25000000071,-11377.57625000071,-0.15802372849846705,STOP_LOSS,2,0.3222858292921151,3
2025-03-03,2025-03-03,2025-03-03 10:05:00,2025-03-03 10:30:00,22018.8,22059.35,5,13178.749999999764,13125.571249999764,0.1841608080367653,TRAILING_STOP,2,0.3266124539355897,5
2025-03-03,2025-03-03,2025-03-03 11:15:00,2025-03-03 11:45:00,22011.95,22032.0,7,9122.749999999669,9073.627249999668,0.0910868868955239,REGIME_CHANGE,2,0.32863916546748884,6
2025-03-04,2025-03-04,2025-03-04 09:15:00,2025-03-04 09:30:00,21985.4,22023.6,7,17380.999999998676,17323.61899999868,0.17375167156384275,TRAILING_STOP,2,0.3573694552511181,3
2025-03-04,2025-03-04,2025-03-04 09:30:00,2025-03-04 10:15:00,22023.6,22066.5,7,19519.500000000662,19459.98050000066,0.1947910423364094,TRAILING_STOP,2,0.34711433488198223,9
2025-04-01,2025-04-01,2025-04-01 10:20:00,2025-04-01 10:25:00,23374.85,23307.2,7,-30780.749999999007,-30851.530749999005,-0.2894136219055858,STOP_LOSS,2,0.3255075394523848,1
2025-04-01,2025-04-01,2025-04-01 10:25:00,2025-04-01 10:55:00,23307.2,23243.15,6,-24979.499999999716,-25044.479499999718,-0.274807784718882,STOP_LOSS,2,0.3278026237325766,6
2025-04-01,2025-04-01,2025-04-01 10:55:00,2025-04-01 11:35:00,23243.15,23206.75,5,-11830.000000000473,-11881.830000000473,-0.15660527940490618,STOP_LOSS,2,0.3209561961817167,8
2025-04-04,2025-04-04,2025-04-04 10:20:00,2025-04-04 11:15:00,22923.15,22991.5,5,22213.749999999527,22151.536249999528,0.2981701903970377,TRAILING_STOP,2,0.3379636030510155,11
2025-04-07,2025-04-07,2025-04-07 09:15:00,2025-04-07 09:35:00,21888.35,22036.05,8,76804.00000000038,76687.19600000037,0.6747881864096689,TRAILING_STOP,2,0.478522938001724,4
2025-04-07,2025-04-07,2025-04-07 09:35:00,2025-04-07 09:55:00,22036.05,21963.25,8,-37855.99999999962,-37933.85599999962,-0.3303677383197046,STOP_LOSS,2,0.42378371225010375,4
2025-04-07,2025-04-07,2025-04-07 09:55:00,2025-04-07 10:10:00,21963.25,21918.15,7,-20520.499999999338,-20581.020499999337,-0.20534301617473982,STOP_LOSS,2,0.4161264887908838,3
2025-04-07,2025-04-07,2025-04-07 10:10:00,2025-04-07 10:30:00,21918.15,21960.95,7,19473.99999999967,19414.52599999967,0.19527195497794872,TRAILING_STOP,2,0.4651376697976285,4
2025-04-07,2025-04-07,2025-04-07 10:30:00,2025-04-07 10:50:00,21960.95,22026.25,8,33955.99999999962,33882.04399999962,0.2973459709165554,TRAILING_STOP,2,0.43198178133625637,4
2025-04-07,2025-04-07,2025-04-07 10:50:00,2025-04-07 10:55:00,22026.25,21983.65,8,-22151.999999999243,-22214.15199999924,-0.19340559559615705,STOP_LOSS,2,0.39411148694368764,1
2025-04-07,2025-04-07,2025-04-07 11:00:00,2025-04-07 11:20:00,21989.15,21954.6,7,-15720.250000001324,-15775.970250001326,-0.15712294472502533,STOP_LOSS,2,0.3624440791205872,4
2025-04-07,2025-04-07,2025-04-07 11:20:00,2025-04-07 11:40:00,21954.6,22002.05,6,18505.500000000284,18446.994500000284,0.2161278274256909,TRAILING_STOP,2,0.42289483802106764,4
2025-04-07,2025-04-07,2025-04-07 11:45:00,2025-04-07 11:55:00,22003.35,21965.2,10,-24797.49999999858,-24862.297499998578,-0.17338268945409596,STOP_LOSS,0,0.3207025453681934,2
2025-04-07,2025-04-07,2025-04-07 11:55:00,2025-04-07 12:05:00,21965.2,21927.7,10,-24375.0,-24439.375,-0.17072460073206708,STOP_LOSS,0,0.3539926186766335,2
2025-04-07,2025-04-07,2025-04-07 12:05:00,2025-04-07 12:10:00,21927.7,21890.95,6,-14332.5,-14386.8325,-0.16759623672341376,STOP_LOSS,2,0.44982572462187287,1
2025-04-07,2025-04-07,2025-04-07 12:10:00,2025-04-07 12:20:00,21890.95,21850.35,6,-15834.000000000851,-15889.834000000852,-0.18546476968794037,STOP_LOSS,2,0.4544515297219325,2
2025-04-07,2025-04-07,2025-04-07 12:20:00,2025-04-07 12:30:00,21850.35,21816.9,5,-10871.249999999054,-10922.121249999052,-0.15308679266005848,STOP_LOSS,2,0.46194749635975335,2
2025-04-07,2025-04-07,2025-04-07 12:30:00,2025-04-07 12:50:00,21816.9,21889.85,5,23708.749999999054,23645.041249999056,0.3343738111280571,TRAILING_STOP,2,0.49308964321735443,4
2025-04-07,2025-04-07,2025-04-07 12:50:00,2025-04-07 13:00:00,21889.85,21847.35,9,-24862.5,-24927.3625,-0.19415391151606795,STOP_LOSS,2,0.5272014822624546,2
2025-04-07,2025-04-07,2025-04-07 13:00:00,2025-04-07 14:10:00,21847.35,21997.7,8,78182.00000000114,78063.81800000113,0.6881841504805031,TRAILING_STOP,2,0.5333203233521137,14
2025-04-07,2025-04-07,2025-04-07 14:10:00,2025-04-07 15:15:00,21997.7,22173.55,11,125732.74999999895,125567.01724999896,0.7994017556380828,TRAILING_STOP,0,0.3505474914436746,13
2025-04-07,2025-04-08,2025-04-07 15:15:00,2025-04-08 09:30:00,22173.55,22518.9,13,291820.75000000186,291488.92925000185,1.5574862843342732,TRAILING_STOP,0,0.4711575694210361,6
2025-04-08,2025-04-08,2025-04-08 10:35:00,2025-04-08 11:10:00,22297.5,22436.55,15,135573.7499999993,135398.1762499993,0.6236125126135185,TRAILING_STOP,1,0.37576733175585963,7
2025-04-08,2025-04-08,2025-04-08 11:45:00,2025-04-08 12:15:00,22417.55,22512.4,16,98644.00000000227,98505.35600000227,0.42310600400133913,TRAILING_STOP,1,0.3687984183163171,6
2025-04-08,2025-04-08,2025-04-08 12:15:00,2025-04-08 12:45:00,22512.4,22630.45,16,122771.99999999924,122609.22799999925,0.5243776763028343,TRAILING_STOP,1,0.3806790582289278,6
2025-04-08,2025-04-08,2025-04-08 12:45:00,2025-04-08 13:30:00,22630.45,22660.85,16,31615.99999999773,31544.38399999773,0.13433228238942582,TRAILING_STOP,1,0.339325224696485,9
2025-04-08,2025-04-08,2025-04-08 13:30:00,2025-04-08 13:35:00,22660.85,22563.1,16,-101660.0,-101801.66,-0.43136069476652467,STOP_LOSS,1,0.3340099098557569,1
2025-04-08,2025-04-08,2025-04-08 13:35:00,2025-04-08 13:50:00,22563.1,22487.05,15,-74148.74999999929,-74262.89874999928,-0.3370547486825803,STOP_LOSS,1,0.37417590829284514,3
2025-04-08,2025-04-08,2025-04-08 13:55:00,2025-04-08 14:30:00,22546.4,22600.3,13,45545.49999999815,45459.95449999815,0.23906255544121371,TRAILING_STOP,1,0.42166959979294055,7
2025-04-08,2025-04-09,2025-04-08 15:25:00,2025-04-09 09:15:00,22547.2,22410.55,15,-133233.75000000143,-133406.98375000144,-0.6060619500425838,STOP_LOSS,1,0.3201443205873381,2
2025-04-09,2025-04-11,2025-04-09 15:25:00,2025-04-11 09:25:00,22420.4,22762.15,14,310992.5,310641.5075,1.5242814579579311,TRAILING_STOP,1,0.37516942751178567,3
2025-04-11,2025-04-11,2025-04-11 10:35:00,2025-04-11 11:40:00,22743.55,22874.9,16,136604.00000000227,136427.39600000228,0.5775263756097979,TRAILING_STOP,1,0.3473156734602647,13
2025-04-11,2025-04-15,2025-04-11 15:25:00,2025-04-15 09:30:00,22844.5,23267.4,10,274885.00000000093,274570.1150000009,1.8512114513340254,TRAILING_STOP,2,0.35784899073551507,4
2025-04-17,2025-04-21,2025-04-17 15:10:00,2025-04-21 09:45:00,23847.0,23994.15,17,162600.7500000016,162398.1492500016,0.6170587495282487,TRAILING_STOP,1,0.3495326043937122,10
2025-04-25,2025-04-25,2025-04-25 11:15:00,2025-04-25 12:40:00,23898.8,23951.05,10,33962.5,33888.5375,0.21863022411167088,TRAILING_STOP,2,0.3562710672856331,17
2025-04-25,2025-04-25,2025-04-25 15:15:00,2025-04-25 15:25:00,24035.9,23991.65,10,-28762.5,-28831.2625,-0.1840996176552573,STOP_LOSS,2,0.32781502964634945,2
2025-04-25,2025-04-28,2025-04-25 15:25:00,2025-04-28 09:20:00,23991.65,24090.7,9,57944.24999999958,57846.30574999958,0.4128519714150518,TRAILING_STOP,2,0.35641600332189477,2
2025-04-28,2025-04-28,2025-04-28 09:20:00,2025-04-28 09:40:00,24090.7,24176.6,10,55834.99999999858,55739.16499999858,0.3565691324868012,TRAILING_STOP,2,0.32298757960680435,4
2025-05-02,2025-05-02,2025-05-02 11:05:00,2025-05-02 11:20:00,24429.6,24373.1,10,-36725.0,-36801.725,-0.23127681173658188,STOP_LOSS,2,0.32977020800123824,3
2025-05-02,2025-05-02,2025-05-02 11:20:00,2025-05-02 11:30:00,24373.1,24324.5,9,-28430.99999999915,-28499.43099999915,-0.19940015837131325,STOP_LOSS,2,0.3369949878770218,2
2025-05-02,2025-05-02,2025-05-02 11:30:00,2025-05-02 12:25:00,24324.5,24242.75,8,-42510.0,-42592.51,-0.336080906082345,STOP_LOSS,2,0.352268691471028,11
2025-05-02,2025-05-02,2025-05-02 12:25:00,2025-05-02 12:55:00,24242.75,24282.95,7,18291.00000000033,18232.70900000033,0.16582277175650753,TRAILING_STOP,2,0.365475916128732,6
2025-05-02,2025-05-02,2025-05-02 12:55:00,2025-05-02 13:55:00,24282.95,24378.8,10,62302.499999999054,62200.197499999056,0.3947213991710173,TRAILING_STOP,2,0.328993619211662,12
2025-05-09,2025-05-09,2025-05-09 10:10:00,2025-05-09 10:35:00,24060.65,24018.3,10,-27527.50000000142,-27595.02750000142,-0.17601353246899887,STOP_LOSS,2,0.3360739849382324,5
2025-05-09,2025-05-09,2025-05-09 10:35:00,2025-05-09 10:50:00,24018.3,23980.25,9,-22259.249999999574,-22321.509249999574,-0.15842087075271472,STOP_LOSS,2,0.35659590545324066,3
2025-05-09,2025-05-09,2025-05-09 10:50:00,2025-05-09 11:35:00,23980.25,24077.7,8,50674.00000000038,50583.32600000038,0.4063760803160965,TRAILING_STOP,2,0.34848838011468664,9
2025-05-09,2025-05-09,2025-05-09 13:20:00,2025-05-09 14:20:00,23977.95,23978.0,10,32.49999999952706,-7.532500000472467,0.00020852491559650597,TIME_EXIT,2,0.32702705283779643,12
2025-05-09,2025-05-09,2025-05-09 14:25:00,2025-05-09 15:00:00,23965.45,23995.9,9,17813.250000000426,17755.436750000426,0.12705791045025538,TRAILING_STOP,2,0.3212284325402064,7
2025-05-16,2025-05-16,2025-05-16 09:15:00,2025-05-16 10:15:00,25003.7,25022.7,10,12350.0,12297.65,0.07598875366445765,TIME_EXIT,2,0.3207447448739449,12
2025-05-21,2025-05-21,2025-05-21 12:10:00,2025-05-21 12:40:00,24733.45,24780.3,10,30452.499999999054,30382.047499999055,0.18941959168655625,TRAILING_STOP,2,0.3219874189820885,6
2025-05-22,2025-05-22,2025-05-22 09:15:00,2025-05-22 09:20:00,24643.05,24580.55,11,-44687.5,-44772.1875,-0.25362120354420414,STOP_LOSS,2,0.3598885377128067,1
2025-05-22,2025-05-22,2025-05-22 09:20:00,2025-05-22 10:20:00,24580.55,24613.55,9,19305.0,19245.695,0.13425248824782196,TRAILING_STOP,2,0.36715143175071463,12
2025-05-22,2025-05-22,2025-05-22 14:45:00,2025-05-22 15:10:00,24576.4,24606.25,15,29103.74999999858,29034.646249998583,0.12145798408228439,TRAILING_STOP,0,0.34268699972400773,5
2025-05-22,2025-05-23,2025-05-22 15:10:00,2025-05-23 09:15:00,24606.25,24626.4,16,20956.000000001513,20895.04400000151,0.08188976377953347,REGIME_CHANGE,0,0.4185267904785851,4
2025-05-27,2025-05-27,2025-05-27 12:55:00,2025-05-27 13:55:00,24824.25,24764.35,10,-38935.000000000946,-39013.93500000094,-0.24129631308096502,STOP_LOSS,2,0.3297356556766584,12
2025-05-27,2025-05-27,2025-05-27 13:55:00,2025-05-27 14:15:00,24764.35,24722.45,9,-24511.499999998723,-24576.011499998724,-0.16919483047202055,STOP_LOSS,2,0.3529352587500139,4
2025-05-27,2025-05-27,2025-05-27 14:15:00,2025-05-27 15:15:00,24722.45,24825.5,8,53585.99999999962,53492.41399999962,0.4168276202399005,TRAILING_STOP,2,0.3324190014706223,12
2025-06-02,2025-06-02,2025-06-02 09:15:00,2025-06-02 10:15:00,24569.2,24565.85,10,-2177.500000001419,-2219.6775000014204,-0.013634957589185577,TIME_EXIT,2,0.3454822594182857,12
2025-06-02,2025-06-02,2025-06-02 10:15:00,2025-06-02 10:50:00,24565.85,24617.65,9,30303.000000001703,30232.697000001703,0.2108618264786397,TRAILING_STOP,2,0.3243485147225904,7
2025-06-12,2025-06-12,2025-06-12 15:05:00,2025-06-12 15:25:00,24902.95,24856.0,10,-30517.500000000473,-30588.017500000475,-0.18853188076111757,STOP_LOSS,2,0.32384044783395355,4
2025-06-13,2025-06-13,2025-06-13 09:15:00,2025-06-13 10:15:00,24601.15,24630.55,9,17198.999999998723,17141.800999998723,0.1195066084308978,TIME_EXIT,2,0.35900744294428544,12
2025-06-13,2025-06-13,2025-06-13 10:15:00,2025-06-13 11:10:00,24630.55,24653.75,10,15080.000000000473,15024.920000000473,0.09419196891665321,REGIME_CHANGE,2,0.33231765519723216,11
2025-06-23,2025-06-23,2025-06-23 09:15:00,2025-06-23 09:30:00,24930.0,24863.0,10,-43550.0,-43633.55,-0.26875250701965503,STOP_LOSS,2,0.3279411927833544,3
2025-06-23,2025-06-23,2025-06-23 09:30:00,2025-06-23 10:50:00,24863.0,24915.35,9,30624.74999999915,30554.12524999915,0.2105538350158812,TRAILING_STOP,2,0.34613850276761826,16
2025-06-24,2025-06-25,2025-06-24 14:20:00,2025-06-25 10:10:00,25036.25,25173.9,10,89472.50000000095,89343.02750000094,0.5498027859603632,TRAILING_STOP,2,0.33252386316886207,25
2025-07-31,2025-07-31,2025-07-31 09:20:00,2025-07-31 10:00:00,24718.65,24661.9,11,-40576.25,-40656.82625,-0.22958373535771573,STOP_LOSS,2,0.3373825292768025,8
2025-07-31,2025-07-31,2025-07-31 10:00:00,2025-07-31 11:55:00,24661.9,24798.65,9,79998.75,79878.75125,0.5544990450857396,TRAILING_STOP,2,0.32522903110441675,23
2025-07-31,2025-08-01,2025-07-31 15:00:00,2025-08-01 09:15:00,24790.65,24726.0,11,-46224.75000000104,-46310.97475000104,-0.2607838035711103,STOP_LOSS,2,0.36622353992167644,6
2025-08-28,2025-08-28,2025-08-28 09:15:00,2025-08-28 09:20:00,24577.25,24522.4,9,-32087.24999999915,-32159.33724999915,-0.22317387014413143,STOP_LOSS,2,0.3404041171865948,1
2025-08-28,2025-08-28,2025-08-28 09:20:00,2025-08-28 10:05:00,24522.4,24589.5,8,34891.99999999924,34817.10799999924,0.2736273774181913,TRAILING_STOP,2,0.3383701730742291,9
2025-08-28,2025-08-29,2025-08-28 15:00:00,2025-08-29 09:15:00,24493.6,24507.4,11,9867.000000002081,9817.133000002079,0.05634124832610523,REGIME_CHANGE,2,0.3512344789119973,6
2025-10-14,2025-10-15,2025-10-14 15:20:00,2025-10-15 09:35:00,25126.85,25223.4,18,112963.5000000034,112810.5365000034,0.3842503139072463,TRAILING_STOP,1,0.3235020716603058,6
2025-10-20,2025-10-21,2025-10-20 15:05:00,2025-10-21 14:20:00,25850.1,25886.35,10,23562.5,23498.9375,0.14023156583533528,TRAILING_STOP,2,0.3434969901156557,12
2025-10-28,2025-10-28,2025-10-28 15:10:00,2025-10-28 15:15:00,25943.0,25962.2,19,23712.0000000009,23648.2880000009,0.07400840303743102,REGIME_CHANGE,1,0.391942146177193,1
2025-10-28,2025-10-29,2025-10-28 15:15:00,2025-10-29 09:30:00,25962.2,25996.35,16,35515.99999999773,35440.483999997734,0.1315373889731911,TRAILING_STOP,0,0.39882642758849224,6
2025-11-11,2025-11-12,2025-11-11 15:05:00,2025-11-12 09:25:00,25681.35,25794.0,19,139122.7500000018,138943.6272500018,0.43864516468176895,TRAILING_STOP,1,0.3433509145086054,7
2026-01-27,2026-01-27,2026-01-27 13:35:00,2026-01-27 15:00:00,25031.7,25128.85,11,69462.24999999844,69352.78774999845,0.388107879209154,TRAILING_STOP,2,0.3209840604304366,17
2026-01-27,2026-01-28,2026-01-27 15:00:00,2026-01-28 09:30:00,25128.85,25310.3,17,200502.25000000081,200261.74775000082,0.7220784078857597,TRAILING_STOP,0,0.3598532113331153,9
2026-02-01,2026-02-01,2026-02-01 12:10:00,2026-02-01 12:15:00,25226.75,25084.7,11,-101565.74999999948,-101707.31574999947,-0.5630927487686653,STOP_LOSS,2,0.3204972566208283,1
2026-02-01,2026-02-01,2026-02-01 12:15:00,2026-02-01 12:20:00,25084.7,25030.3,10,-35360.000000000946,-35435.36000000095,-0.21686526049744048,STOP_LOSS,2,0.3432586470127845,1
2026-02-01,2026-02-01,2026-02-01 12:20:00,2026-02-01 12:25:00,25030.3,24906.45,10,-80502.49999999905,-80623.00249999906,-0.49480030203392905,STOP_LOSS,2,0.3723692019742805,1
2026-02-01,2026-02-01,2026-02-01 12:25:00,2026-02-01 12:30:00,24906.45,24833.05,8,-38168.00000000076,-38246.168000000755,-0.29470277779451287,STOP_LOSS,2,0.3850251330793458,1
2026-02-01,2026-02-01,2026-02-01 12:30:00,2026-02-01 12:45:00,24833.05,24971.9,7,63176.75000000099,63073.57325000099,0.5591338961585556,TRAILING_STOP,2,0.3966269121539242,3
2026-02-01,2026-02-01,2026-02-01 12:45:00,2026-02-01 13:25:00,24971.9,25066.9,12,74100.0,73985.9,0.3804276006231003,TRAILING_STOP,2,0.37167005443659185,8
2026-02-01,2026-02-01,2026-02-01 13:25:00,2026-02-01 13:50:00,25066.9,24996.2,12,-55146.00000000057,-55241.14600000057,-0.282045246919247,STOP_LOSS,2,0.34829018252683136,5
2026-02-01,2026-02-01,2026-02-01 13:50:00,2026-02-01 14:00:00,24996.2,25030.4,10,22230.000000000473,22167.770000000473,0.1368207967611106,TRAILING_STOP,2,0.3416525054226578,2
2026-02-01,2026-02-01,2026-02-01 14:45:00,2026-02-01 14:55:00,24967.1,24923.85,12,-33735.0,-33808.735,-0.17322796800589577,STOP_LOSS,2,0.35268148276966554,2
2026-02-01,2026-02-01,2026-02-01 14:55:00,2026-02-01 15:05:00,24923.85,24880.1,10,-28437.5,-28505.9375,-0.17553467863111039,STOP_LOSS,2,0.3519863974294774,2
2026-02-01,2026-02-01,2026-02-01 15:05:00,2026-02-01 15:15:00,24880.1,24790.95,9,-52152.74999999872,-52244.90274999872,-0.35831849550443057,STOP_LOSS,2,0.3601949941985665,2
2026-02-01,2026-02-01,2026-02-01 15:15:00,2026-02-01 15:20:00,24790.95,24751.0,8,-20774.00000000038,-20834.77400000038,-0.16114751552482148,STOP_LOSS,2,0.361827759971432,1
2026-02-01,2026-02-02,2026-02-01 15:20:00,2026-02-02 09:25:00,24751.0,24851.35,7,45659.24999999934,45573.59074999934,0.4054381641145754,TRAILING_STOP,2,0.3685196787007714,4
2026-02-02,2026-02-02,2026-02-02 09:25:00,2026-02-02 10:05:00,24851.35,24810.55,11,-29171.99999999948,-29241.17199999948,-0.16417619163546154,STOP_LOSS,2,0.331777919853009,8
2026-02-02,2026-02-02,2026-02-02 10:05:00,2026-02-02 10:50:00,24810.55,24822.6,10,7832.499999999527,7784.6674999995275,0.04856804867283988,REGIME_CHANGE,2,0.33574878922073026,9
2026-02-02,2026-02-02,2026-02-02 10:55:00,2026-02-02 11:05:00,24773.0,24723.0,11,-35750.0,-35825.75,-0.20183264037460136,STOP_LOSS,2,0.3252371278349072,2
2026-02-02,2026-02-02,2026-02-02 11:05:00,2026-02-02 12:00:00,24723.0,24861.1,10,89764.99999999905,89635.23499999905,0.5585891679812262,TRAILING_STOP,2,0.331763215104279,11
2026-02-03,2026-02-03,2026-02-03 10:55:00,2026-02-03 11:10:00,25780.1,25784.2,11,2931.5000000015607,2888.568500001559,0.015903739706215968,REGIME_CHANGE,2,0.32678077514990783,3
